No,Chinese,Pinyin,Japanese,Tags,DescriptionImage,DescriptionText
1,運動,yùn dòng,運動、スポーツ,"台湾華語(中国語繁体字),運動,日常,ダイエット",,"我昨天在健身房運動了。<br />昨日ジムで運動しました。"
2,健身房,jiàn shēn fáng,ジム,台湾華語(中国語繁体字),,"我昨天在健身房運動了。<br />昨日ジムで運動しました。"
3,體育館,tǐ yù guǎn,体育館,台湾華語(中国語繁体字),,"我每天跟同學一起去體育館運動。<br />私は毎日同級生と一緒に体育館で運動します。"
4,複雜,fù zá,複雑,台湾華語(中国語繁体字),,"這個問題非常複雜。<br />この問題はとても複雑です。"
5,危險,wéi xiǎn,危険,台湾華語(中国語繁体字),,"不用去危險的地方。<br />危険な所に行かないで。"
6,難,nán,難しい,台湾華語(中国語繁体字),,"今天的考試很難。<br />今日のテストは難しい。"
7,簡單,jiǎn dān,簡単,台湾華語(中国語繁体字),,"學中文很簡單。<br />中国語を学ぶのは簡単です。"
8,身體,shēn tǐ,体,台湾華語(中国語繁体字),,"運動對身體很好。<br />運動は体に良い。"
9,肌肉,jī ròu,筋肉,台湾華語(中国語繁体字),,"肌肉很酸。<br />筋肉痛です。"
10,體力,tǐ lì,体力,台湾華語(中国語繁体字),,"我沒有體力。<br />体力がない。"
11,受傷,shòu shāng,怪我、傷つく,台湾華語(中国語繁体字),,"我受傷了。<br />私は怪我をしました。<br />私は傷つきました。<br /><br />※心の傷に関しても使います。"
12,電影,diàn yǐng,映画,台湾華語(中国語繁体字),film-3057394_640.jpg (https://dl.airtable.com/RevqS7gcQ7KLxYDJRPMa_film-3057394_640.jpg),"我們去看電影吧。<br />映画を観に行こう。"
13,電影院,diàn yǐng yuàn,映画館,台湾華語(中国語繁体字),,"我們去電影院吧。<br />映画館へ行こう。"
14,看,kàn,見る,台湾華語(中国語繁体字),,"我喜歡看台灣的連續劇。<br />私は台湾のドラマを見るのが好きです。"
15,聽,tīng,聞く,台湾華語(中国語繁体字),,"我喜歡聽音樂。<br />音楽を聴くのが好きです。"
16,多,duō,多い,台湾華語(中国語繁体字),,"派對有很多人。<br />パーティーは人がいっぱいいる。"
17,少,shǎo,少ない,台湾華語(中国語繁体字),,"你吃太多了。少吃一點。<br />あなたはいっぱい食べました。少し少なく食べましょう。"
18,大,dà,大きい,台湾華語(中国語繁体字),,"大象很大。<br />象は大きい。"
19,小,xiǎo,小さい,台湾華語(中国語繁体字),,"寶貝很小。<br />赤ちゃんは小さい。"
20,年輕,nián qīng,若い,台湾華語(中国語繁体字),,"年輕人喜歡逛夜市。<br />若者は夜市をぶらぶらするのが好きです。"
21,老,lǎo,老いた,台湾華語(中国語繁体字),,"我爸爸老了。他不想運動。<br />父は年をとった。彼は運動がしたくない。"
22,喝,hē,飲む,台湾華語(中国語繁体字),,"我去台灣的時候，每次都喝珍珠奶茶。<br />台湾に行く時、いつもタピオカミルクティーを飲む。"
23,吃,chī,食べる,台湾華語(中国語繁体字),,"生病的人每天得吃藥。<br />病気の人は毎日薬を飲まなければならない。<br /><br />※日本語では薬は飲む物ですが、中国語では薬は食べる物です。"
24,好喝,hǎo hē,おいしい,台湾華語(中国語繁体字),,"珍珠奶茶很好喝。<br />タピオカミルクティーはおいしい。"
25,好吃,hǎo chī,おいしい,台湾華語(中国語繁体字),,"這家餐廳的菜很好吃。<br />このレストランのご飯はおいしい。"
26,口渴,kǒu kě,のどが渇く,台湾華語(中国語繁体字),,"今天好熱。口渴了。<br />今日はとても暑い。喉が渇いた。"
27,平日,píng rì,平日,台湾華語(中国語繁体字),,"我平日上課。<br />平日は授業があります。"
28,週末,zhōu mò,週末,台湾華語(中国語繁体字),,"你週末要做什麼。<br />週末何やりたいですか。"
29,假日,jià rì,休日,台湾華語(中国語繁体字),,"因為今天是假日，所以不用上班。<br />今日は休みなので、仕事に行かなくて良いです。"
30,連續假期,lián xù jià qí,連休,台湾華語(中国語繁体字),,"我有連續假期。我要去國外旅行。<br />連休があります。海外へ旅行に行きたいです。"
31,春假,chūn jià,春休み,台湾華語(中国語繁体字),,"你春假要去哪裡？<br />春休みにどこに行きたいですか？"
32,暑假,shǔ jià,夏休み,台湾華語(中国語繁体字),,"暑假的時候，我跟朋友一起去海邊。<br />夏休みに友達と一緒に海へ行きます。"
33,寒假,hán jià,冬休み,台湾華語(中国語繁体字),,"今年的寒假很短。<br />今年の冬休みは短い。"
34,休息,xiū xí,休む,台湾華語(中国語繁体字),,"我好累了。我要休息一下。<br />とても疲れました。ちょっと休憩したいです。"
35,生日,shēng rì,誕生日,台湾華語(中国語繁体字),,"你的生日是幾月幾號。<br />あなたの誕生日は何月何日ですか。"
36,生日快樂,shēng rì kuài lè,誕生日おめでとう,台湾華語(中国語繁体字),,"今天是你的生日。生日快樂！<br />今日はあなたの誕生日。誕生日おめでとう！"
37,參加,cān jiā,参加する,台湾華語(中国語繁体字),,"我常常參加語言交換活動。<br />私はよく言語交換のイベントに参加します。"
38,高興,gāo xìng,嬉しい,台湾華語(中国語繁体字),,"我很高興認識你。<br />あなたに会えて（知り合えて）嬉しいです。"
39,快樂,kuài lè,楽しい,台湾華語(中国語繁体字),,"新年快樂！<br />あけましておめでとう！<br /><br />※↑このような使い方もします。"
40,出門,chū mén,出かける,台湾華語(中国語繁体字),,"剛剛誰出門了？<br />今今誰が出かけたの？<br />"
41,朋友,péng yǒu,友達,台湾華語(中国語繁体字),,"我們很小時候當朋友了。<br />私たちは小さい頃に友達になりました。"
42,男朋友,nán péng yǒu,彼氏,台湾華語(中国語繁体字),,"我想跟男朋友一起去動物園。<br />私は彼氏と一緒に動物園に行きたい。"
43,女朋友,nǚ péng yǒu,彼女,台湾華語(中国語繁体字),,"我帶我女朋友去看夜景。<br />彼女を連れて夜景を見に行く。"
44,交往,jiāo wǎng,付き合う,台湾華語(中国語繁体字),,"我跟他交往已經有三年了。<br />彼と付き合ってもう三年です。"
45,分手,fēn shǒu,別れる,台湾華語(中国語繁体字),,"我們分手吧。<br />別れましょう。"
46,前男友,qían nán yǒu,元カレ,台湾華語(中国語繁体字),,"沒想到，昨天遇見我前男友。<br />思いも寄らず、昨日元カレに出会いました。"
47,前女友,qían nǚ yǒu,元カノ,台湾華語(中国語繁体字),,"我還是喜歡前女友。<br />やっぱり元カノが好きです。"
48,帽子,mào zi, 帽子,台湾華語(中国語繁体字),,"戴帽子是今年的流行。<br />帽子をかぶるのは今年の流行です。"
49,外套,wài tào,コート、上着,台湾華語(中国語繁体字),,"今天很冷。你不要忘記帶外套。<br />今日は寒い。上着を持って行くのを忘れないで。"
50,包包,bāo bāo,鞄,台湾華語(中国語繁体字),,"我生日時，我爸爸買給我包包。<br />誕生日の時にお父さんが鞄を買ってくれました。"
51,背包,bēi bāo,リュック,台湾華語(中国語繁体字),,"美國的大學生喜歡用背包。<br />アメリカの大学生はリュックを使うのが好きです。"
52,褲子,kù zi,ボトムス、ズボン,台湾華語(中国語繁体字),,"男生穿褲子。<br />男性はズボンを履きます。"
53,裙子,qún zi,スカート,台湾華語(中国語繁体字),,"女生很喜歡穿裙子。<br />女の子はとてもスカートを履くのが好きです。"
54,鞋子,xié zi,靴,台湾華語(中国語繁体字),,"去外面時穿鞋子。<br />外に行く時靴を履く。"
55,錢包,qían bāo,財布,台湾華語(中国語繁体字),,"聽說有黃色的錢包的人可以拿到很多錢。<br />黄色の財布を持っている人はお金をいっぱい手に入れられるらしい。"
56,眼鏡,yǎn jìng,メガネ,台湾華語(中国語繁体字),,"戴眼鏡的人看起來很聰明。<br />メガネをかけてる人は賢そうに見える。"
57,隱形眼鏡,yǐn xíng yǎn jìng,コンタクトレンズ,台湾華語(中国語繁体字),,"我運動的時候戴隱形眼鏡。這樣很方便。<br />運動をする時コンタクトをつけます。そうすると便利です。"
58,百貨公司,bǎi huò gōng sī,デパート,台湾華語(中国語繁体字),,"我媽媽每個週末去百貨公司買衣服。<br />お母さんは毎週末デパートへ服を買いに行く。"
59,買,mǎi,買う,台湾華語(中国語繁体字),,"我朋友去台灣買鳳梨酥。<br />友達は台湾へ行ってパイナップルケーキを買う。"
60,賣,mài,売る,台湾華語(中国語繁体字),,"A：我要買昨天看的一件衣服。<br />B：不好意思。那件衣服已經賣完了。<br />A:昨日見た服を買いたいです。<br />B:すいません。もう売り切れてしまいました。"
61,付錢,fù qián,お金を払う,台湾華語(中国語繁体字),,"我今天忘了帶錢包。我朋友幫我付錢。<br />今日財布を忘れました。友達がお金を払ってくれました。"
62,多少錢,duō shǎo qián,いくら,台湾華語(中国語繁体字),,"我要買這個。這是多少錢。<br />これが買いたいです。これはいくらですか。"
63,試穿,shì chuān,試着する,台湾華語(中国語繁体字),,"這件衣服可以試穿嗎？<br />この服着て見てもいいですか？"
64,聽說,tīng shuō,～らしい,台湾華語(中国語繁体字),,"聽說那個很有名的人快要結婚了。<br />あの有名な人はもうすぐ結婚するらしい。"
65,這裡,zhè lǐ,ここ,台湾華語(中国語繁体字),,"你在這裡等我。<br />ここで待ってて。"
66,那裡,nà lǐ,あそこ,台湾華語(中国語繁体字),,"那裡有很多狗。<br />あそこに犬がいっぱいいる。"
67,哪裡,nǎ lǐ,どこ,台湾華語(中国語繁体字),,"下次的休假你要去哪裡？<br />次の休みどこに行きたい？"
68,這邊,zhè biān,こっちの方,台湾華語(中国語繁体字),,"這邊的船很大。<br />こっち側の船は大きい。"
69,那邊,nà biān,あっちの方,台湾華語(中国語繁体字),,"那邊的船比這邊的更大。<br />あっち側の船の方が、こっち側のよりもっと大きい。"
70,哪邊,nǎ biān,どっちの方,台湾華語(中国語繁体字),,"那邊的船比較大？<br />どっち側の船の方が大きいですか？"
71,這個,zhè ge,これ,台湾華語(中国語繁体字),,"我要這個。<br />これが欲しい。"
72,那個,nà ge,あれ,台湾華語(中国語繁体字),,"那個東西是誰的？<br />あの物は誰のですか？"
73,哪個,nǎ ge,どれ,台湾華語(中国語繁体字),,"你喜歡哪個？<br />どれが好きですか？"
74,男生,nán shēng,男の人,台湾華語(中国語繁体字),,"那個男生很帥。<br />あの男の人はかっこいい。"
75,女生,nǚ shēng,女の人,台湾華語(中国語繁体字),,"那個女生很漂亮。<br />あの女の人は綺麗だ。"
76,小朋友,xiǎo péng yǒu,子供,台湾華語(中国語繁体字),,"小朋友。你迷路了嗎？<br />ぼく。道に迷ったの？"
77,小孩子,xiǎo hái zi,子供,台湾華語(中国語繁体字),,"我小孩子的時候，很喜歡跟媽媽出去玩。<br />子供の頃、お母さんと遊びに出かけるのがとても好きでした。"
78,有名,yǒu míng,有名,台湾華語(中国語繁体字),,"他很有名，所以誰都知道他。<br />彼は有名なので、誰でも彼を知っている。"
79,臭,chòu,臭い,台湾華語(中国語繁体字),,"臭豆腐很臭。<br />臭豆腐は臭い。"
80,香,xiāng,良い香り,台湾華語(中国語繁体字),,"這個花很香。<br />この花は良い香り。"
81,但是,dàn shì,しかし,台湾華語(中国語繁体字),,"我今天很累，但是我不想睡覺。<br />今日は疲れました。でも、寝たくないです。"
82,可是,kě shì,しかし,台湾華語(中国語繁体字),,"快要黑了，可是小朋友還在外面玩。<br />もう暗くなるけど子供はまだ外で遊んでる。"
83,不過,bú guò,しかし,台湾華語(中国語繁体字),,"我失敗了很多次，不過下次一定要成功。<br />何度も失敗したが、次は絶対成功する。"
84,飛機,fēi jī,飛行機,台湾華語(中国語繁体字),,"從日本搭飛機去台灣。<br />日本から飛行機に乗って台湾に行く。"
85,車子,chē zi,車,台湾華語(中国語繁体字),,"將來你要買什麼樣的車子？<br />将来どんな車が買いたい？"
86,公車,gōng chē,バス,台湾華語(中国語繁体字),,"因為鄉下沒有捷運，所以需要公車。<br />田舎にはMRTがないので、バスが必要です。"
87,捷運,jié yùn,MRT,台湾華語(中国語繁体字),,"台灣的捷運很方便。<br />台湾のMRTは便利です。"
88,電車,diàn chē,電車,台湾華語(中国語繁体字),,"我每天坐電車出去玩。<br />私は毎日電車に乗って遊びに行く。"
89,地下鐵,dì xià tiě,地下鉄,台湾華語(中国語繁体字),,"日本的地下鐵很方便。<br />日本の地下鉄は便利です。"
90,計程車,jì chéng chē,タクシー,台湾華語(中国語繁体字),,"台灣的計程車是黃色。日本的計程車是白色。<br />台湾のタクシーは黄色です。日本のタクシーは白です。<br />※北京語では、タクシーのことを「出租車」と言います。"
91,車站,chē zhàn,駅、バス停,台湾華語(中国語繁体字),,"我們在哪個車站要見面？<br />どの駅で会いましょうか？"
92,路線,lù xiàn,路線、ルート,台湾華語(中国語繁体字),,"東京有很多路線。我不知道怎麼走。<br />東京にはたくさんの路線があります。どう行くのか分かりません。"
93,機場,jī cháng,飛行場,台湾華語(中国語繁体字),,"在名古屋的機場你可以泡湯。<br />名古屋の空港で温泉に入れますよ。"
94,票,piào,チケット、切符,台湾華語(中国語繁体字),,"大學時候，我去看演唱會。我朋友幫我買票了。<br />大学の時、コンサートへ行きました。友達がチケットを買ってくれました。"
95,車票,chē piào,チケット、切符,台湾華語(中国語繁体字),,"下個週末我要去高雄。車票很貴。<br />来週末高雄に行きます。チケットが高いです。"
96,機票,jī piào,航空券,台湾華語(中国語繁体字),,"我今年十月要去美國。下個月我得付機票費。<br />私は今年の１０月にアメリカへ行きます。来月飛行機代を払わなければなりません。"
97,安全帶,ān quán dài,シートベルト,台湾華語(中国語繁体字),,"安全帶會保護你。<br />シートベルトがあなたを守ってくれます。"
98,窗戶,chuāng hu,窓,台湾華語(中国語繁体字),,"春天我喜歡開著窗戶讀書。<br />私は春に、窓を開けながら読書をするのが好きです。"
99,門,mén,ドア,台湾華語(中国語繁体字),,"台灣家有兩個門。<br />台湾の家は二つドアがある。"
100,地圖,dì tú,地図,台湾華語(中国語繁体字),,"女生不喜歡看地圖。<br />女性は地図を見るのが好きじゃない。"
101,住址,zhù zhǐ,住所,台湾華語(中国語繁体字),,"我搬家了。新家的住址記得很難。<br />引っ越しました。新しい家の住所は覚えるのが難しい。"
102,入口,rù kǒu,入り口,台湾華語(中国語繁体字),,"你去了龍虎塔。那個入口是龍還是虎？<br />あなたは龍虎塔に行きました。入り口は龍ですか？虎ですか？<br /><br />※龍虎塔とは、台湾高雄にある龍と虎の入口のある塔で、龍の口から入り、虎の口から出ると、厄落としになると言われています。"
103,出口,chū kǒu,出口,台湾華語(中国語繁体字),,"我們在車站出口3見面。<br />駅の出口３で会いましょう。"
104,電扶梯,diàn fú tī,エスカレーター,台湾華語(中国語繁体字),,"對小孩子來說，電扶梯也很危險。<br />子供にとって、エスカレーターも危険だ。"
105,電梯,diàn tī,エレベーター,台湾華語(中国語繁体字),,"從透明的電梯看的夜景很漂亮。<br />透明なエレベーターから見る夜景は綺麗だ。"
106,旅行,lǚ xíng,旅行,台湾華語(中国語繁体字),,"跟朋友一起去的旅行超好。<br />友達と行く旅行はとっても良い。"
107,換錢,huàn qián,両替する,台湾華語(中国語繁体字),,"去外國一定需要換錢。<br />海外に行くのに必ず両替が必要です。"
108,外面,wài miàn,外,台湾華語(中国語繁体字),,"小朋友在外面打籃球。<br />子供が外でバスケをしている。"
109,裡面,lǐ miàn,中,台湾華語(中国語繁体字),,"那個袋子裡面有什麼？<br />あの袋の中身は何？"
110,路上,lù shàng,路上,台湾華語(中国語繁体字),,"昨天我在路上發現有人的錢包。<br />昨日路上で誰かの財布を見つけた。"
111,路人,lù rén,通行人,台湾華語(中国語繁体字),,"我去台灣迷路了。我問了路人怎麼去台北車站。<br />台湾へ行って迷子になった。私は通行人に台北駅にどう行くか聞いた。"
112,往~,wǎng,～行き,台湾華語(中国語繁体字),,"往台北車站<br />台北駅行き<br /><br />※バスのや電車のどこ行きかなどで見ることが出来ます。"
113,來回,lái huí,往復,台湾華語(中国語繁体字),,"從日本到台灣的飛機來回多少錢？<br />日本から台湾への飛行機は往復いくらですか？"
114,遠,yuǎn,遠い,台湾華語(中国語繁体字),,"你家離我家很遠。<br />あなたの家は私の家からとても遠い。"
115,近,jìn,近い,台湾華語(中国語繁体字),,"你家離我家沒有那麼近。<br />あなたの家は私の家からそんなに近くない。"
116,右轉,yòu zhuǎn,右折する,台湾華語(中国語繁体字),,"往前走，右轉就到了。<br />まっすぐ行って、右に曲がるとすぐ着きます。"
117,左轉,zuǒ zhuǎn,左折する,台湾華語(中国語繁体字),,"往前一直走，經過兩個紅綠燈，左轉就到了。<br />まっすぐずっと行って、信号を２つ越えて左に曲がるとすぐ着きます。"
118,停,tíng,停める,台湾華語(中国語繁体字),,"你在這裡不能停車。<br />ここに車を止めてはいけません。"
119,打開,dǎ kāi,開ける,台湾華語(中国語繁体字),,"你可以把窗戶打開嗎？<br />窓を開けてくれますか？"
120,關掉,guān diào,閉める,台湾華語(中国語繁体字),,"我去吃飯可是那件餐廳已經關掉了。我去太晚了。<br />ご飯を食べに行ったが、あのレストランは既に閉まっていた。行くのが遅すぎた。"
121,注意,zhù yì,注意する、気をつける,台湾華語(中国語繁体字),,"你常常寫錯漢字。你要注意一下。<br />あなたはよく感じを書き間違える。少し注意しなさい。"
122,速度,sù dù,速度、スピード,台湾華語(中国語繁体字),,"我的中文的速度快嗎？<br />私の中国語のスピードは早いですか？"
123,行李,xíng lǐ,荷物,台湾華語(中国語繁体字),,"你行李收好了嗎？<br />荷物まとまった？"
124,名字,míng zi,名前,台湾華語(中国語繁体字),,"你叫什麼名字？<br />あなたの名前は何ですか？"
125,電腦,dìan nǎo,パソコン,台湾華語(中国語繁体字),,"我大學時候每天帶電腦上課。<br />私は大学の時毎日パソコンを持って授業に行った。"
126,洗手間,xǐ shǒu jiān,お手洗い,台湾華語(中国語繁体字),,"請問洗手間在哪。<br />お手洗いはどこにありますか？"
127,廁所,cè suǒ,トイレ,台湾華語(中国語繁体字),,"媽媽～！我想去廁所。<br />ママ！トイレ行きたい。"
128,天氣,tiān qì,天気,台湾華語(中国語繁体字),,"今天的天氣很好。<br />今日の天気は良い。"
129,雨,yǔ,雨,台湾華語(中国語繁体字),,"梅雨季節每天下雨。<br />梅雨の時期は毎日雨が降る。"
130,雪,xuě,雪,台湾華語(中国語繁体字),,"冬天很多小朋友希望下大雪。<br />冬に多くの子供たちは大雪が降るのを願ってます。"
131,空氣,kōng qì,空気,台湾華語(中国語繁体字),,"鄉下的空氣很好。<br />田舎の空気は良い。"
132,可怕,kě pà,怖い,台湾華語(中国語繁体字),,"晚上一個人走路很可怕。<br />夜に一人で道を歩くのは怖い。"
133,恐怖,kǒng bù,恐ろしい,台湾華語(中国語繁体字),,"我老師生氣的時候非常恐怖。<br />私の先生は怒った時とても怖い。"
134,雨衣,yǔ yī,レインコート、かっぱ,台湾華語(中国語繁体字),,"今天下雨了。我騎摩托車，所以需要帶雨衣去。<br />今日は雨。私はバイクに乗るのでレインコートを持って行く必要がある。"
135,傘,sǎn,傘,台湾華語(中国語繁体字),,"今天下雨了。你為什麼沒帶傘？<br />今日は雨。なぜあなたは傘を持ってないのですか？"
136,影響,yǐng xiǎng,影響する,台湾華語(中国語繁体字),,"這次的地震有什麼影響？<br />今回の地震はどんな影響がありますか？"
137,飯店,fàn diàn,ホテル,台湾華語(中国語繁体字),,"聽說你要去台灣旅行。你去台灣之前，給我飯店的地址。<br />台湾に旅行に行くんだって？台湾に行く前にホテルの住所教えて。<br />※中国ではホテルのことを酒店と言いますが、台湾で酒店と言うとあまり良い意味ではないので、ご注意を！"
138,旅館,lǚ guǎn,旅館,台湾華語(中国語繁体字),,"京都有很多旅館。<br />京都にはたくさん旅館がある。"
139,宿舍,sù shè,寮,台湾華語(中国語繁体字),,"我是大學時候在宿舍住的。<br />私は大学の時寮に住んでいた。"
140,公寓,gōng yù,アパート,台湾華語(中国語繁体字),,"我現在住在公寓。明年要搬家。<br />今はアパートに住んでいます。来年は引っ越します。"
141,房間,fáng jiān,部屋,台湾華語(中国語繁体字),,"房東讓我租這間房間便宜一點。<br />家主は私にこの部屋を少し安く貸してくれる。"
142,房子,fáng zi,家,台湾華語(中国語繁体字),,"昨天我看了房子的合約。<br />昨日家の契約書を見た。"
143,浴室,yù shì,お風呂、浴室,台湾華語(中国語繁体字),,"浴室要乾淨，不然會發霉。<br />お風呂はきれいにしておく。そうじゃないとカビが生える。"
144,廚房,chú fáng,キッチン,台湾華語(中国語繁体字),,我今天一直在廚房做點心。今日はずっとキッチンにいておやつを作っていた。
145,客廳,kè tīng,リビングルーム,台湾華語(中国語繁体字),,"我要很大的客廳。因為我想養狗。<br />大きなリビングルームが欲しい。犬が飼いたいから。"
146,床,chuáng,ベッド,台湾華語(中国語繁体字),,"在床上睡覺很舒服。<br />ベッドで寝るのは気持ちが良い。"
147,椅子,yǐ zi,椅子,台湾華語(中国語繁体字),,"對剛入小學的小朋友來說，學校的椅子很高。<br />小学校に入ったばかりの子供からすると、学校の椅子は高い。"
148,桌子,zhuō zi,机、テーブル,台湾華語(中国語繁体字),,"你把我的課本放在桌子上了嗎？我找不到。<br />私の教科書机に置いた？見つからない。"
149,冷氣,lěng qì,エアコン,台湾華語(中国語繁体字),,"我家好熱，所以我早上去書店吹冷氣。<br />私の家はとても暑いので、朝本屋に行って冷房に当たった。"
150,沙發,shā fā,ソファ,台湾華語(中国語繁体字),,"我快要搬家了。今天要去買非常舒服的沙發。<br />もうすぐ引っ越します。今日とても気持ちの良いソファーを買いに行きます。"
151,電視,diàn shì,テレビ,台湾華語(中国語繁体字),,"我每天看電視。今天看的連續劇很好看。<br />毎日テレビを見ます。今日見たドラマは面白いです。"
152,冰箱,bīng xiāng,冷蔵庫,台湾華語(中国語繁体字),,"我昨天煮的飯太多了。還在冰箱裡。<br />昨日作ったご飯が多すぎた。まだ冷蔵庫にある。"
153,室友,shì yǒu,ルームメイト,台湾華語(中国語繁体字),,"去了咖啡店，然後回家煮飯給室友吃。<br />カフェに行って、その後家に帰ってルームメイトにご飯を作ってあげた。"
154,保險,bǎo xiǎn,保険,台湾華語(中国語繁体字),,"我們生病時需要保險。<br />私たちは病気になった時保険が必要です。"
155,房租,fáng zū,家賃,台湾華語(中国語繁体字),,"我要搬家了。新房間的房租很便宜。<br />私は引っ越します。新しい部屋の家賃は安いです。"
156,租,zū,借りる,台湾華語(中国語繁体字),,"我不知道什麼時候他租房間了。<br />私は彼がいつ部屋を借りたのか知らない。"
157,找,zhǎo,探す,台湾華語(中国語繁体字),,"我昨天把課本放在桌子上，可是今天找不到了。<br />私は昨日教科書を机の上に置いたが、見つからなくなった。"
158,離開,lí kāi,離れる,台湾華語(中国語繁体字),,"不好意思。今天我有事。我三點前要離開。<br />すいません。今日は用事があります。３時前に出ます。"
159,建議,jiàn yì,提案する,台湾華語(中国語繁体字),,"下個月我去國外旅行。你有沒有建議。<br />来月海外旅行へ行きます。何か案はありますか。"
160,推薦,tuī jiàn,おすすめ,台湾華語(中国語繁体字),,"有沒有推薦的台灣料理餐廳？<br />オススメの台湾料理レストランはありますか？"
161,決定,jué dìng,決まる,台湾華語(中国語繁体字),,"不管你想怎麼做，我會支持你決定。<br />あなたがどうしようと、私はあなたが決めたのを支持します。"
162,搬家,bān jiā,引っ越す,台湾華語(中国語繁体字),,"原來的室友搬家了，現在只有我。我在等新室友。<br />元々のルームメイトは引っ越した。今は自分だけ。新しいルームメイトを待ってる。"
163,便利商店,biàn lì shāng diàn,コンビニエンスストア,台湾華語(中国語繁体字),,"每天去便利商店買東西的人不健康。<br />毎日コンビニエンスストアへ行って買う人は健康でない。"
164,夜市,yè shì,夜市,台湾華語(中国語繁体字),,"你要不要跟我一起逛夜市。<br />あなたは私と一緒に夜市をぶらぶらしたいですか。"
165,方便,fāng biàn,便利,台湾華語(中国語繁体字),,"在鄉下風景很好，但是交通不方便。<br />田舎は景色は良いが、交通は便利ではない。"
166,貴,guì,高い,台湾華語(中国語繁体字),,"這手機很貴。<br />この携帯は高いです。"
167,便宜,pián yí,安い,台湾華語(中国語繁体字),,"可以便宜一點嗎？<br />安くしてくれませんか？"
168,免費,miǎn fèi,無料,台湾華語(中国語繁体字),,"美國大學有很多免費食物。<br />アメリカの大学にはフリーフードが沢山あります。"
169,早餐,zǎo cān,朝食,台湾華語(中国語繁体字),,"台灣的早餐真好吃。<br />台湾の朝ごはんは本当に美味しい。"
170,午餐,wǔ cān,昼食,台湾華語(中国語繁体字),,"你吃午餐了嗎？<br />昼ごはんは食べた？"
171,晚餐,wǎn cān,夕飯,台湾華語(中国語繁体字),,"不是約好和朋友吃晚餐嗎？<br />友達と夕飯食べる約束じゃなかったの？"
172,希望,xī wàng,希望する,台湾華語(中国語繁体字),,"我希望你能原諒。<br />あなたが許してくれると良いな。"
173,失望,shī wàng,失望する,台湾華語(中国語繁体字),,"不要讓我失望。<br />私をがっかりさせないで。"
174,失敗,shī bài,失敗する,台湾華語(中国語繁体字),,"昨天的考試，我失敗了。<br />昨日のテスト、失敗しました。"
175,知道,zhī dào,知っている,台湾華語(中国語繁体字),,"他們不知道我是誰。<br />彼らは私が誰か知らない。"
176,遲到,chí dào,遅れる,台湾華語(中国語繁体字),,"還好你沒有遲到。<br />あなたが遅れなくてよかった。"
177,幫忙,bāng máng,手伝う,台湾華語(中国語繁体字),,"要幫忙什麼呢？<br />何手伝って欲しいの？"
178,學校,xué xiào,学校,台湾華語(中国語繁体字),,"我想在家休息，但是一定要去學校。<br />家で休みたいけど、絶対に学校に行く。"
179,小學,xiǎo xué,小学校,台湾華語(中国語繁体字),,"我家旁邊的大學很有名。<br />私の家の隣の大学は有名です。"
180,國中,guó zhōng,中学校,台湾華語(中国語繁体字),,"我國中時練習打網球。<br />中学の時テニスの練習をした。"
181,高中,gāo zhōng,高校,台湾華語(中国語繁体字),,"我高中時每天都學習很多。<br />私は高校の時毎日たくさん勉強しました。"
182,大學,dà xué,大学,台湾華語(中国語繁体字),,"米國的大學很大。學生可以住大學裡。<br />アメリカの大学は大きい。学生は大学内に住める。"
183,比賽,bǐ sài,試合,台湾華語(中国語繁体字),,"你看了昨天的棒球比賽嗎？<br />昨日の野球の試合見た？"
184,強,qiáng,強い,台湾華語(中国語繁体字),,"那個團體很強。誰都不能贏。<br />あのチームは強い。誰も勝てない。"
185,弱,ruò,弱い,台湾華語(中国語繁体字),,"他很弱。他每個比賽都輸了。<br />彼は弱い。毎回試合で負けた。"
186,贏,yíng,勝つ,台湾華語(中国語繁体字),,"他們都想贏，所以每天要練習。<br />彼らはみんな勝ちたい。だから毎日練習する。"
187,輸,shū,負ける,台湾華語(中国語繁体字),,"昨天我輸給他了，但是今天我一定要贏。<br />昨日は彼に負けたが、今日は絶対勝つ。"
188,加油,jiā yóu,頑張れ,台湾華語(中国語繁体字),,"明天工作加油。<br />明日仕事頑張れ。"
189,上課,shàng kè,授業に出る,台湾華語(中国語繁体字),,"今天我上英文課。<br />今日は私は英語の授業に出る。"
190,下課,xià kè,授業が終わる,台湾華語(中国語繁体字),,"我們下課就出去玩吧。<br />授業終わったらすぐに遊びに行こう。"
191,同學,tóng xué,クラスメート,台湾華語(中国語繁体字),,"下週末我跟我小學同學開派對了。<br />先週末小学校のクラスメートとパーティを開いた。"
192,老師,lǎo shī,先生,台湾華語(中国語繁体字),,"老師在學校工作。大學老師住在學校裡。<br />先生は学校で仕事をしている。大学の先生は学校に住んでいる。"
193,教,jiāo,教える,台湾華語(中国語繁体字),,"考試前我同學教我英文。<br />テスト前にクラスメートが私に英語を教えてくれた。"
194,留學生,liú xué shēng,留学生,台湾華語(中国語繁体字),,"大學有很多留學生。跟他們講話可以學外國的文化。<br />大学には多くの留学生がいる。彼らと話をすると外国の文化を学ぶことが出来る。"
195,學費,xué fèi,学費,台湾華語(中国語繁体字),,"大學的學費，我爸媽幫我付錢。<br />大学の学費はお父さんとお母さんが払ってくれる。"
196,寫,xiě,書く,台湾華語(中国語繁体字),,"我上英文課了。我寫了很多。<br />私は英語の授業に出ました。いっぱい書きました。"
197,功課,gōng kè,宿題,台湾華語(中国語繁体字),,"美國的大學有很多功課。<br />アメリカの大学は宿題がいっぱいある。"
198,作業,zuò yè,宿題,台湾華語(中国語繁体字),,"老師給我們的作業太多了。<br />先生が出した宿題は多すぎる。"
199,中文,zhōng wén,中国語,台湾華語(中国語繁体字),,"在語言中心我學過中文。<br />語学センターで私は中国語を学んだことがあります。"
200,日文,rì wén,日本語,台湾華語(中国語繁体字),,"我覺得學日文比英文難。<br />私は英語を学ぶより日本語を学ぶ方が難しいと思う。"
201,韓文,hán wén,韓国語,台湾華語(中国語繁体字),,"我喜歡韓國的明星，所以我想學韓文。<br />私は韓国のアイドルが好きです。だから韓国語を学びたい。"
202,英文,yīng wén,英語,台湾華語(中国語繁体字),,"我們之前有機會說英文，但是現在沒有了。<br />私たち前は英語を喋る機会があったけど、今は無くなった。"
203,漢字,hàn zì,漢字,台湾華語(中国語繁体字),,"對外國人說，寫漢字太難了。<br />外国人にとって、漢字を書くのは難しすぎる。"
204,課本,kè běn,教科書,台湾華語(中国語繁体字),,"我每天帶很重的課本。<br />私は毎日とても重い教科書を持っている。"
205,筆記本,bǐ jì běn,ノート,台湾華語(中国語繁体字),,"學生的時候，我有很多筆記本。<br />学生の時私はたくさんノートを持ってました。"
206,生活費,shēng huó fèi,生活費,台湾華語(中国語繁体字),,"你知不知道你的生活費是多少錢？<br />あなたの生活費はいくらか知っていますか？"
207,獎學金,jiǎng xué jīn,奨学金,台湾華語(中国語繁体字),,"大學生都想拿到獎學金。<br />大学生は皆、奨学金を手にしたい。"
208,成績,chéng jī,成績,台湾華語(中国語繁体字),,"對留學生來說成績很重要。如果他們的成績不太好的話，他們得回國。<br />留学生にとって成績は重要です。もし彼らの成績があまり良くないと、彼らは帰国しなければなりません。"
209,圖書館,tú shū guǎn,図書館,台湾華語(中国語繁体字),,"很多大學生在圖書館做功課。<br />多くの大学生は図書館で課題をやります。"
210,讀,dú,読む,台湾華語(中国語繁体字),,"我每天都讀外語報紙。<br />私は毎日外国語の新聞を読みます。"
211,雜誌,zá zhì,雑誌,台湾華語(中国語繁体字),,"我媽媽買料理雜誌給我了。<br />私の母が料理の雑誌を買ってくれた。"
212,報紙,bào zhǐ,新聞,台湾華語(中国語繁体字),,"最近的報紙可以在網路上看到。<br />最近の新聞はネット上で見ることができます。"
213,新聞,xīn wén,ニュース,台湾華語(中国語繁体字),,"新聞說這個冬天很冷。<br />ニュースで今年の冬は寒いと言ってた。"
214,考試,kǎo shì,テスト、試験,台湾華語(中国語繁体字),,"我先準備考試，然後去吃飯。<br />私は先にテストの準備をしてから、ご飯を食べに行く。"
215,筆試,bǐ shì,筆記試験,台湾華語(中国語繁体字),,"英文筆試很難。我每次沒時間寫完。<br />英語の筆記試験は難しいです。私はいつも時間なくて書き終わりません。"
216,口試,kǒu shì,口答試験,台湾華語(中国語繁体字),,"我想去留學，可是我得通過口試。我要加油。<br />私は留学に行きたいです。でも、口頭試験を通過しなければなりません。頑張ります。"
217,期末考,qí mò kǎo,期末試験,台湾華語(中国語繁体字),,"我媽期末考前跟我說如果我的成績不太好的話，下週末我得待在家學習。<br />私のお母さんは期末試験の前に私にもし成績があまり良くなかったら、来週末家にいて勉強しなければならないと言った。"
218,報告,bào gào,レポート、スピーチ,台湾華語(中国語繁体字),,"我大學生時每天都把報告拿給我老師。<br />私は大学生の時毎日レポートを先生に渡していました。"
219,面試,miàn shì,面接,台湾華語(中国語繁体字),,"大學四年級的朋友們每天去面試。很辛苦。<br />大学４年生のみんなは毎日面接に行く。大変です。"
220,準備,zhǔn bèi,準備する,台湾華語(中国語繁体字),,"你準備好了沒？<br />準備できた？"
221,練習,liàn xí,練習する,台湾華語(中国語繁体字),,"會說外語的人常常練習說外語。<br />外国語を話す人はよく外国語を話す練習をしています。"
222,進步,jìn bù,上達する,台湾華語(中国語繁体字),,"你中文進步很多。<br />あなたの中国語とても上達しましたね。"
223,退步,tuì bù,後退する,台湾華語(中国語繁体字),,"我回國以後我的中文能力退步了。<br />帰国した後、私の中国語能力は衰えました。"
224,認為,rèn wéi,思う,台湾華語(中国語繁体字),,"我認為你一定可以拿到你自己的幸福。<br />あなたは絶対にあなた自身の幸せを手にすると思います。"
225,有趣,yǒu qù,面白い,台湾華語(中国語繁体字),,"我沒看過這個電影，但好像很有趣。<br />この映画は観たことないですが、面白そうです。"
226,興趣,xìng qù,興味,台湾華語(中国語繁体字),,"我不知道你會有興趣。<br />あなたが興味を持つとは知らなかった。"
227,擔心,dān xīn,心配する,台湾華語(中国語繁体字),,"我比較擔心找工作。<br />仕事を探すのがわりと心配です。"
228,緊張,jǐn zhāng,緊張する,台湾華語(中国語繁体字),,"我第一次跟他見面。有點緊張。<br />初めて彼に会います。少し緊張してます。"
229,氣氛,qì fēn,雰囲気,台湾華語(中国語繁体字),,"女生喜歡浪漫的氣氛。<br />女の子はロマンチックな雰囲気が好きです。"
230,重要,zhòng yào,重要,台湾華語(中国語繁体字),,"你對我而言，是很重要的存在。<br />あなたは私にとって、とても重要な存在です。"
231,大概,dà gài,だいたい,台湾華語(中国語繁体字),,"明天晚上我會先去吃飯，然後大概八點左右會過去你們家。<br />明日の夜、私は先にご飯を食べてから、だいたい８時くらいにあなた達の家に行きます。"
232,一定,yí dìng,必ず,台湾華語(中国語繁体字),,"如果我錯了，請你一定要提醒我。<br />もし私が間違えたら、絶対に注意してください。"
233,前輩,qián bèi,先輩,台湾華語(中国語繁体字),,"我參加網球團體。前輩說我打網球打得好。<br />私はテニスのグループに参加します。先輩は私にテニス上手いですねと言いました。"
234,晚輩,wǎn bèi,後輩,台湾華語(中国語繁体字),,"我下月會當二年級了。我很期待我會有晚輩。<br />来月二年生になります。後輩ができるのが楽しみです。"
235,棒球,bàng qiú,野球,台湾華語(中国語繁体字),,"日本的棒球團體很強。下次也可以贏。<br />日本の野球チームは強いです。次回も勝てます。"
236,足球,zú qiú,サッカー,台湾華語(中国語繁体字),,"去看足球比賽哪裡都很熱鬧。<br />サッカーの試合を見にいくとどこもとても賑やかです。"
237,排球,pái qiú,バレーボール,台湾華語(中国語繁体字),,"我媽媽以前打排球。聽說她很強。<br />私の母は以前バレーボールをしていた。彼女は強かったらしい。"
238,網球,wǎng qiú,テニス,台湾華語(中国語繁体字),,"從小就開始打網球的人很強。<br />幼い頃から既にテニスを始めていた人は強い。"
239,游泳,yóu yǒng,水泳,台湾華語(中国語繁体字),,"不會游泳的人也可以去沙灘玩。<br />水泳ができない人もビーチへ行って遊べます。"
240,書法,shū fǎ,書道,台湾華語(中国語繁体字),,"在日本小學生學書法。<br />日本では小学生は書道を習います。"
241,唱,chàng,歌う,台湾華語(中国語繁体字),,"我朋友每天去唱歌。<br />私の友達は毎日カラオケへ行きます。"
242,歌,gē,歌,台湾華語(中国語繁体字),,"你喜歡的歌手是誰？<br />あなたが好きな歌手は誰ですか？"
243,馬路,mǎ lù,通り,台湾華語(中国語繁体字),,"小孩子在馬路玩很危險。<br />子供が通りで遊ぶのは危ない。"
244,當地人,dāng dì rén,地元の人,台湾華語(中国語繁体字),,"去旅行很有意思的是跟當地人講話知道那裡的特色。<br />旅行へ行くのに面白いのは地元の人と話をしてそこの特色を知ることです。<br />"
245,外國人,wài guó rén,外国人,台湾華語(中国語繁体字),,"我喜歡跟外國人聊天。因為我可以知道他們的文化。<br />私は外国人と話をするのが好きです。彼らの文化を知ることができるからです。"
246,道歉,dào qiàn,ごめんなさい,台湾華語(中国語繁体字),,"昨天我忘了還給你課本。抱歉。<br />昨日教科書をあなたに返し忘れました。ごめんなさい。"
247,對不起,duì bu qǐ,ごめんなさい,台湾華語(中国語繁体字),,"對不起總是打擾你。<br />ごめんなさい。いつも邪魔をして。"
248,謝謝,xiè xie,ありがとう,台湾華語(中国語繁体字),,"謝謝你幫我的忙。<br />手伝ってくれてありがとう。"
249,不好意思,bù hǎo yì si,すいません,台湾華語(中国語繁体字),,"不好意思。請問學校在哪裡？<br />すいません。学校はどこにありますか？"
250,借過,jiè guò,すいません,台湾華語(中国語繁体字),,※電車や混み合っているところで、すいません通してください！という時に使います。
251,生病,shēng bìng,病気,台湾華語(中国語繁体字),,"我生病的時候，我女朋友幫我做飯了。<br />私が病気の時、彼女がご飯を作ってくれた。"
252,感冒,gǎn mào,風邪,台湾華語(中国語繁体字),,"你不要感冒。<br />風邪ひかないでね。"
253,拉肚子,lā dù zi,下痢,台湾華語(中国語繁体字),,"我昨天吃太多了。今天一整天拉肚子。<br />昨日食べ過ぎました。今日一日中下痢でした。"
254,咳嗽,ké sòu,咳,台湾華語(中国語繁体字),,"醫生問我，你有沒有咳嗽？<br />医者が私に咳はありますか？と聞きました。"
255,頭痛,tóu tòng,頭痛,台湾華語(中国語繁体字),,"我朋友常常頭痛。很可憐。<br />私の友達はよく頭痛がする。かわいそうに。"
256,體溫,tǐ wēn,体温,台湾華語(中国語繁体字),,"知道自己的體溫很重要。體溫讓你知道你需要休息。<br />自分の体温を知ることは重要です。体温はあなたにあなたが休憩が必要であることを教えてくれます。"
257,生理痛,shēng lǐ tòng,生理痛,台湾華語(中国語繁体字),,"女生有生理痛的時候，心情不好。<br />女性が生理痛の時は、機嫌が悪い。"
258,呼吸,hū xī,呼吸,台湾華語(中国語繁体字),,"你不要緊張。先呼吸一下。<br />緊張しないで。まず深呼吸して。"
259,藥,yào,薬,台湾華語(中国語繁体字),,"叔叔你吃藥了嗎？<br />おじさん薬飲んだ？"
260,醫院,yī yuàn,病院,台湾華語(中国語繁体字),,"因為我哥哥被車子撞到了，所以他住醫院。<br />私の兄は車に轢かれたので入院してます。"
261,醫生,yī shēng,医者,台湾華語(中国語繁体字),,"我身體不舒服，所以我要去看醫生。<br />体調が悪いので、病院へ行きます。"
262,不舒服,bù shū fu,気分が悪い,台湾華語(中国語繁体字),,"因為我今天不舒服，所以我請假了。<br />今日は気分が悪いので、休みをもらいました。"
263,吐,tù,吐く,台湾華語(中国語繁体字),,"我寶寶昨天晚上吐了好幾次。<br />私の赤ちゃんは昨夜何度も吐いた。"
264,睡覺,shuì jiào,寝る,台湾華語(中国語繁体字),,"這麼晚。我想睡覺。<br />もう遅い時間。寝たいです。"
265,起床,qǐ chuáng,起きる,台湾華語(中国語繁体字),,"明天早上我要早點起床。<br />明日の朝はちょっと早く起きたい。"
266,手續,shǒu xù,手続き,台湾華語(中国語繁体字),,"我去台灣的時候，坐飛機，學中文，租房子，都需要手續。<br />台湾に行く時、飛行機に乗るのも、中国語を習うのも、部屋を借りるのも全て手続きが必要です。"
267,方法,fāng fǎ,やり方,台湾華語(中国語繁体字),,"你的中文能力那麼好。你可不可以教我們學中文的方法？<br />あなたの中国語能力すごく良いです。私たちに中国語の学び方を教えてもらえますか？"
268,辦法,bàn fǎ,仕方,台湾華語(中国語繁体字),,"我女朋友一定會生我的氣。你幫我想辦法。<br />彼女は絶対怒る。方法考えて。"
269,內容,nèi róng,内容,台湾華語(中国語繁体字),,"會議的內容太難了。我聽不太懂。<br />会議の内容は難しすぎる。聞いてもよくわからない。"
270,忘記,wàng jì,忘れる,台湾華語(中国語繁体字),,"我同學忘記我的名字。還沒想起來。<br />私のクラスメートは私の名前を忘れました。まだ思い出しません。"
271,經常,jīng cháng,よく,台湾華語(中国語繁体字),,"我經常去體育館運動。<br />私はよく体育館に行って運動をします。"
272,非常,fēi cháng,とても,台湾華語(中国語繁体字),,"今天非常熱。<br />今日はとても暑い。"
273,放棄,fàng qì,諦める,台湾華語(中国語繁体字),,"還沒結束。你已經放棄了嗎？<br />まだ終わってない。あなたはもう諦めたのですか？"
274,打電話,dǎ diàn huà,電話する,台湾華語(中国語繁体字),,"現在我很忙。等一下要打電話給你。<br />今は忙しい。後で電話するね。"
275,電話號碼,diàn huà hào mǎ,電話番号,台湾華語(中国語繁体字),,"你可以給我你的電話號碼嗎？<br />私にあなたの電話番号を教えてくれますか？"
276,發現,fā xiàn,発見する,台湾華語(中国語繁体字),,"我發現這個世界最大的人。<br />私はこの世で一番大きい人を発見しました。"
277,開始,kāi shǐ,始まる,台湾華語(中国語繁体字),,"運動會剛剛開始。<br />運動会は始まったばかり。"
278,結束,jié shù,終わる,台湾華語(中国語繁体字),,"電影結束了嗎？我還等你回來吃飯。<br />映画は終わった？あなたが帰ってきてご飯を食べるのをまだ待ってます。"
279,感覺,gǎn jué,感覚,台湾華語(中国語繁体字),,"那間餐廳感覺起來很好吃。<br />あのレストランは美味しいようです。"
280,拍,pāi,撮る,台湾華語(中国語繁体字),,"她喜歡拍照。每天去漂亮的地方拍照。<br />彼女は写真を撮るのが好きです。毎日綺麗な場所へ行って写真を撮ります。"
281,利用,lì yòng,利用する,台湾華語(中国語繁体字),,"這裡有很多垃圾。我們還可以利用它。<br />ここにはたくさんのゴミがある。私たちはまだそれを使えます。"
282,喜歡,xǐ huān,好き,台湾華語(中国語繁体字),,"我喜歡上他了。<br />私は彼を好きになりました。"
283,怎麼辦,zěn me bàn,どうしよう,台湾華語(中国語繁体字),,"我完全忘記今天有考試。我怎麼辦？<br />私は完全に今日テストがあることを忘れていました。どうしよう？"
284,介紹,jiè shào,紹介する,台湾華語(中国語繁体字),,"我給你介紹一下。<br />自己紹介します。"
285,吃飯,chī fàn,ご飯を食べる,台湾華語(中国語繁体字),,"下個星期六我們去餐廳吃飯吧。<br />来週の土曜日レストランへ行ってご飯を食べましょう。"
286,飲料,yǐn liào,飲み物、飲料,台湾華語(中国語繁体字),,"台灣有很多賣飲料的店。<br />台湾にはたくさんの飲み物屋さんがあります。"
287,啤酒,pí jiǔ,ビール,台湾華語(中国語繁体字),,"我想去外國喝啤酒。<br />私は海外に行ってビールを飲みたい。"
288,好久不見,hǎo jiǔ bú jiàn,久しぶり,台湾華語(中国語繁体字),,"好久不見！你最近好嗎？<br />久しぶり！最近元気？"
289,上班,shàng bān,出勤する,台湾華語(中国語繁体字),,"我是上班族。每天我得上班。<br />私はサラリーマンです。毎日出勤しなければならない。"
290,下班,xià bān,退勤する,台湾華語(中国語繁体字),,"因為我跟朋友今晚一起去吃飯，所以我今天要早點下班。<br />今夜は友達と一緒にご飯を食べに行くので、早く退勤したいです。"
291,打工,dǎ gōng,アルバイトをする,台湾華語(中国語繁体字),,"大學生打工去旅行。<br />大学生はバイトをして旅行へ行く。"
292,累,lèi,疲れる,台湾華語(中国語繁体字),,"我一整天運動。太累了。<br />一日中運動しました。すごく疲れました。"
293,為什麼,wèi shén me,どうして,台湾華語(中国語繁体字),,"你為什麼來日本？<br />あなたはどうして日本に来たのですか？"
294,常常,cháng cháng,よく,台湾華語(中国語繁体字),,"我常常去看棒球比賽。<br />私はよく野球の試合を観に行きます。"
295,用,yòng,使う,台湾華語(中国語繁体字),,"你忘了帶雨傘嗎？你可以用我的。<br />傘持って来るの忘れたの？私の使っていいよ。"
296,什麼,shén me,何,台湾華語(中国語繁体字),,"小孩子什麼都喜歡。<br />子供は何でも好き。"
297,胖,pàng,太っている,台湾華語(中国語繁体字),,"我胖了。我要減肥。<br />太りました。ダイエットします。"
298,瘦,shòu,痩せている,台湾華語(中国語繁体字),,"你變瘦了嗎？你每天吃飯嗎？<br />痩せた？毎日ご飯食べてる？"
299,肚子餓,dù zi è,お腹がすく,台湾華語(中国語繁体字),,"我肚子餓了。我要吃飯。<br />お腹すいた。ご飯食べたい。"
300,痛,tòng,痛い,台湾華語(中国語繁体字),,"我吃飯後肚子痛了。我要看醫生。<br />ご飯食べた後お腹痛い。病院行きたい。"
301,手,shǒu,手,台湾華語(中国語繁体字),,"爸爸的手很大。小孩子喜歡牽他的手。<br />お父さんの手は大きい。子供はお父さんの手を繋ぐのが好きだ。"
302,手機,shǒu jī,携帯電話,台湾華語(中国語繁体字),,"大家都有手機。連小學生也有。<br />みんな携帯を持っている。小学生でさえも。"
303,頭,tóu,頭,台湾華語(中国語繁体字),,"她的頭很小。她很可愛。<br />彼女の頭は小さい。彼女は可愛い。"
304,頭髮,tóu fǎ,髪の毛,台湾華語(中国語繁体字),,"我明天要去剪頭髮。<br />明日髪を切りに行きたい。"
305,洗澡,xǐ zǎo,体を洗う,台湾華語(中国語繁体字),,"我每天晚上洗澡。我朋友早上洗澡。<br />私は毎晩体を洗う。友達は朝洗う。"
306,洗衣服,xǐ yī fu,服を洗う,台湾華語(中国語繁体字),,"我媽媽每天洗衣服。我很感謝她。<br />私のお母さんは毎日服を洗います。お母さんに感謝しています。"
307,打掃,dǎ sǎo,掃除する,台湾華語(中国語繁体字),,"小學每天有打掃的時間。<br />小学校は毎日掃除の時間がある。"
308,約,yuē,約束する,台湾華語(中国語繁体字),,"我們約好下個週末出去玩。<br />私たちは来週末遊びに行く約束をした。"
309,安靜,ān jìng,静か,台湾華語(中国語繁体字),,"圖書館裡很安靜。<br />図書館の中はとても静かです。"
310,司機,sī jī,運転手,台湾華語(中国語繁体字),,"司機。我要去九份。<br />運転手さん。九份へ行きたいです。"
311,警察,jǐng chá,警察官,台湾華語(中国語繁体字),,"今天有很多警察。聽說有車禍。<br />今日は警察が多い。交通事故があったらしい。"
312,上班族,shàng bān zú,会社員,台湾華語(中国語繁体字),,"上班族很辛苦。他們每天搭電車上班。<br />会社員は辛い。毎日電車に乗って出勤する。"
313,學生,xué sheng,学生,台湾華語(中国語繁体字),,"學生喜歡跟朋友出去玩。<br />学生は友達と遊びに行くのが好きです。"
314,店員,diàn yuán,店員,台湾華語(中国語繁体字),,"那家店的店員很帥。我朋友每天去那家店吃飯。<br />あのお店の店員さんはかっこいい。私の友達は毎日あのお店へ行ってご飯を食べる。"
315,同事,tóng shì,同僚,台湾華語(中国語繁体字),,"上班族跟同事常常去喝酒。<br />サラリーマンは同僚とよくお酒を飲みに行く。"
316,家人,jiā rén,家族,台湾華語(中国語繁体字),,"我很喜歡我家人。我們沒有一起住，所以我每個月一次回老家。<br />私は家族が大好きです。一緒には住んでいないので、毎月一度実家に帰っています。"
317,爸爸,bà ba,お父さん,台湾華語(中国語繁体字),,"我爸爸是老師。他每天很晚才回家。<br />私のお父さんは先生です。毎日遅くにやっと帰ってきます。"
318,媽媽,mā ma,お母さん,台湾華語(中国語繁体字),,"我媽媽做的料理很好吃。<br />私のお母さんが作る料理はとても美味しいです。"
319,哥哥,gē ge,お兄さん,台湾華語(中国語繁体字),,"我小時候跟我哥哥一起出去玩。<br />小さい頃お兄ちゃんと一緒に遊びに行っていた。"
320,姐姐,jiě jie,お姉さん,台湾華語(中国語繁体字),,"我姊姊很漂亮。我朋友說我不像她。<br />私のお姉ちゃんは綺麗です。友達は私はお姉ちゃんに似ていないと言います。"
321,妹妹,mèi mei,妹,台湾華語(中国語繁体字),,"我妹妹好可愛。她比我小十歲。<br />私の妹は可愛い。私より１０歳年下です。"
322,弟弟,dì di,弟,台湾華語(中国語繁体字),,"我沒有弟弟但是我有妹妹。<br />弟はいませんが、妹はいます。"
323,兒子,ér zi,息子,台湾華語(中国語繁体字),,"我兒子是學生。他畢業以後要當醫生。<br />私の息子は学生です。彼は卒業後医者になりたいです。"
324,女兒,nǚ'ér,娘,台湾華語(中国語繁体字),,"我女兒快要結婚了。<br />私の娘はもうすぐ結婚します。"
